<?xml version="1.0" encoding="UTF-8" ?>
<dragons>
    <dragon>
        <id>1</id>
        <name>Tom</name>
        <age>12</age>
        <weight>123</weight>
        <creationDate>2020-05-14</creationDate>
        <speaking>true</speaking>
        <coordinates>
            <x>1</x>
            <y>3</y>
        </coordinates>
        <character>EVIL</character>
        <killer>
            <name>Tom</name>
            <weight>123</weight>
            <height>123</height>
            <location>
                <name>quito</name>
                <x>1</x>
                <y>3</y>
                <z>3</z>
            </location>
        </killer>
    </dragon>
    <dragon>
        <id>1</id>
        <name>Tom</name>
        <age>12</age>
        <weight>123</weight>
        <creationDate>2020-05-14</creationDate>
        <speaking>true</speaking>
        <coordinates>
            <x>1</x>
            <y>3</y>
        </coordinates>
        <character>EVIL</character>
        <killer>
            <name>Tom</name>
            <weight>123</weight>
            <height>123</height>
            <location>
                <name>quito</name>
                <x>1</x>
                <y>3</y>
                <z>3</z>
            </location>
        </killer>
    </dragon>
</dragons>